{
  "system_status": {
    "initialized": true,
    "trading_bot": false,
    "avatar_system": true,
    "streaming": false,
    "governance": true,
    "uptime": 1753206368.8169746,
    "components": {
      "trading_bot": true,
      "ml_predictor": true,
      "avatar": true,
      "animator": true,
      "streamer": true,
      "governance_contract": true,
      "governance_token": true
    }
  },
  "trading_data": {
    "status": {
      "is_running": false,
      "last_update": 1753206368.8169765,
      "balance": 1000.0,
      "active_positions": 0,
      "daily_pnl": 0,
      "total_trades": 0
    },
    "portfolio": {
      "total_value": 15750.5,
      "assets": {
        "XRP": {
          "amount": 1000,
          "value": 520.0
        },
        "LOTUS": {
          "amount": 5000,
          "value": 2500.0
        },
        "USD": {
          "amount": 12730.5,
          "value": 12730.5
        }
      },
      "daily_change": 2.3,
      "total_pnl": 5750.5,
      "last_updated": 1753206368.8170109
    },
    "history": [
      {
        "id": 0,
        "timestamp": 1753206368.8170168,
        "symbol": "XRP/USD",
        "side": "buy",
        "amount": 100,
        "price": 0.52,
        "total": 52.0,
        "status": "completed"
      },
      {
        "id": 1,
        "timestamp": 1753202768.8170195,
        "symbol": "XRP/USD",
        "side": "sell",
        "amount": 110,
        "price": 0.521,
        "total": 57.31,
        "status": "completed"
      },
      {
        "id": 2,
        "timestamp": 1753199168.8170207,
        "symbol": "XRP/USD",
        "side": "buy",
        "amount": 120,
        "price": 0.522,
        "total": 62.64,
        "status": "completed"
      },
      {
        "id": 3,
        "timestamp": 1753195568.8170214,
        "symbol": "XRP/USD",
        "side": "sell",
        "amount": 130,
        "price": 0.523,
        "total": 67.99000000000001,
        "status": "completed"
      },
      {
        "id": 4,
        "timestamp": 1753191968.8170223,
        "symbol": "XRP/USD",
        "side": "buy",
        "amount": 140,
        "price": 0.524,
        "total": 73.36,
        "status": "completed"
      },
      {
        "id": 5,
        "timestamp": 1753188368.8170233,
        "symbol": "XRP/USD",
        "side": "sell",
        "amount": 150,
        "price": 0.525,
        "total": 78.75,
        "status": "completed"
      },
      {
        "id": 6,
        "timestamp": 1753184768.8170242,
        "symbol": "XRP/USD",
        "side": "buy",
        "amount": 160,
        "price": 0.526,
        "total": 84.16,
        "status": "completed"
      },
      {
        "id": 7,
        "timestamp": 1753181168.8170264,
        "symbol": "XRP/USD",
        "side": "sell",
        "amount": 170,
        "price": 0.527,
        "total": 89.59,
        "status": "completed"
      },
      {
        "id": 8,
        "timestamp": 1753177568.817028,
        "symbol": "XRP/USD",
        "side": "buy",
        "amount": 180,
        "price": 0.528,
        "total": 95.04,
        "status": "completed"
      },
      {
        "id": 9,
        "timestamp": 1753173968.8170295,
        "symbol": "XRP/USD",
        "side": "sell",
        "amount": 190,
        "price": 0.529,
        "total": 100.51,
        "status": "completed"
      },
      {
        "id": 10,
        "timestamp": 1753170368.8170304,
        "symbol": "XRP/USD",
        "side": "buy",
        "amount": 200,
        "price": 0.53,
        "total": 106.0,
        "status": "completed"
      },
      {
        "id": 11,
        "timestamp": 1753166768.8170314,
        "symbol": "XRP/USD",
        "side": "sell",
        "amount": 210,
        "price": 0.531,
        "total": 111.51,
        "status": "completed"
      },
      {
        "id": 12,
        "timestamp": 1753163168.817032,
        "symbol": "XRP/USD",
        "side": "buy",
        "amount": 220,
        "price": 0.532,
        "total": 117.04,
        "status": "completed"
      },
      {
        "id": 13,
        "timestamp": 1753159568.8170333,
        "symbol": "XRP/USD",
        "side": "sell",
        "amount": 230,
        "price": 0.533,
        "total": 122.59,
        "status": "completed"
      },
      {
        "id": 14,
        "timestamp": 1753155968.8170338,
        "symbol": "XRP/USD",
        "side": "buy",
        "amount": 240,
        "price": 0.534,
        "total": 128.16,
        "status": "completed"
      },
      {
        "id": 15,
        "timestamp": 1753152368.8170345,
        "symbol": "XRP/USD",
        "side": "sell",
        "amount": 250,
        "price": 0.535,
        "total": 133.75,
        "status": "completed"
      },
      {
        "id": 16,
        "timestamp": 1753148768.8170354,
        "symbol": "XRP/USD",
        "side": "buy",
        "amount": 260,
        "price": 0.536,
        "total": 139.36,
        "status": "completed"
      },
      {
        "id": 17,
        "timestamp": 1753145168.8170364,
        "symbol": "XRP/USD",
        "side": "sell",
        "amount": 270,
        "price": 0.537,
        "total": 144.99,
        "status": "completed"
      },
      {
        "id": 18,
        "timestamp": 1753141568.817037,
        "symbol": "XRP/USD",
        "side": "buy",
        "amount": 280,
        "price": 0.538,
        "total": 150.64000000000001,
        "status": "completed"
      },
      {
        "id": 19,
        "timestamp": 1753137968.8170502,
        "symbol": "XRP/USD",
        "side": "sell",
        "amount": 290,
        "price": 0.539,
        "total": 156.31,
        "status": "completed"
      }
    ]
  },
  "avatar_data": {
    "status": {
      "name": "LotusXRP-chan",
      "current_expression": "neutral",
      "current_pose": "standing",
      "animation_status": {
        "is_animating": false,
        "current_animation": null,
        "queue_length": 0,
        "animation_speed": 1.0,
        "motion_capture_enabled": false
      },
      "last_updated": 1753206368.8170571
    },
    "config": {
      "name": "LotusXRP-chan",
      "type": "2D",
      "appearance": {
        "hair_color": "#FFB6C1",
        "eye_color": "#4169E1",
        "skin_tone": "#FDBCB4",
        "outfit": "crypto_trader",
        "accessories": [
          "lotus_hairpin",
          "xrp_pendant"
        ],
        "height": 165,
        "personality": "cheerful_analytical"
      },
      "current_expression": "neutral",
      "current_pose": "standing",
      "expressions": {
        "neutral": {
          "mouth": "closed",
          "eyes": "normal",
          "eyebrows": "relaxed"
        },
        "happy": {
          "mouth": "smile",
          "eyes": "sparkle",
          "eyebrows": "raised"
        },
        "excited": {
          "mouth": "open_smile",
          "eyes": "wide",
          "eyebrows": "raised"
        },
        "thinking": {
          "mouth": "small",
          "eyes": "focused",
          "eyebrows": "furrowed"
        },
        "surprised": {
          "mouth": "open",
          "eyes": "wide",
          "eyebrows": "raised"
        },
        "confident": {
          "mouth": "smirk",
          "eyes": "determined",
          "eyebrows": "normal"
        },
        "worried": {
          "mouth": "frown",
          "eyes": "concerned",
          "eyebrows": "furrowed"
        }
      },
      "poses": {
        "standing": {
          "body": "upright",
          "arms": "relaxed",
          "hands": "open"
        },
        "pointing": {
          "body": "slight_lean",
          "arms": "one_extended",
          "hands": "pointing"
        },
        "explaining": {
          "body": "forward_lean",
          "arms": "both_extended",
          "hands": "gesturing"
        },
        "celebrating": {
          "body": "upright",
          "arms": "raised",
          "hands": "victory"
        },
        "thinking_pose": {
          "body": "slight_turn",
          "arms": "one_to_chin",
          "hands": "thoughtful"
        },
        "presenting": {
          "body": "confident",
          "arms": "one_extended",
          "hands": "open_palm"
        }
      },
      "assets_path": "assets/avatar/"
    }
  },
  "governance_data": {
    "proposals": [
      {
        "id": 1,
        "title": "Platform Launch Proposal",
        "description": "Initial proposal to officially launch the LotusXRP platform with community governance",
        "proposer": "0xTREASURY",
        "created_at": 1753206368,
        "voting_start": 1753292768,
        "voting_end": 1753897568,
        "execution_delay": 172800,
        "status": "ProposalStatus.PENDING",
        "votes_for": 0,
        "votes_against": 0,
        "votes_abstain": 0,
        "quorum_required": 7000000,
        "threshold_percentage": 51,
        "executed_at": null,
        "cancelled_at": null,
        "execution_data": {
          "action": "update_settings",
          "settings": {
            "platform_status": "launched"
          }
        }
      }
    ],
    "stats": {
      "total_proposals": 1,
      "active_proposals": 0,
      "total_voters": 6,
      "total_voting_power": 104000000000000006308233216,
      "governance_settings": {
        "voting_delay": 86400,
        "voting_period": 604800,
        "execution_delay": 172800,
        "proposal_threshold": 1000,
        "quorum_percentage": 10,
        "majority_threshold": 51,
        "max_proposals_per_user": 3,
        "proposal_fee": 100
      }
    }
  },
  "token_data": {
    "stats": {
      "token_name": "LotusXRP",
      "token_symbol": "LOTUS",
      "total_supply": 100000000000000005838471168,
      "max_supply": 1000000000000000000000000000,
      "circulating_supply": 92000000000000005435817984,
      "total_staked": 8000000000000000402653184,
      "total_holders": 6,
      "total_transactions": 8,
      "staking_pools": 4
    },
    "staking_pools": [
      {
        "pool_id": "flexible",
        "name": "Flexible Staking",
        "description": "Stake and unstake anytime with base rewards",
        "apy": 0.08,
        "total_staked": 0,
        "min_stake": 100000000000000000000,
        "lock_period": 0,
        "participants": {},
        "created_at": 1753206368,
        "is_active": true
      },
      {
        "pool_id": "locked_30d",
        "name": "30-Day Lock",
        "description": "Lock tokens for 30 days for higher rewards",
        "apy": 0.1,
        "total_staked": 0,
        "min_stake": 500000000000000000000,
        "lock_period": 2592000,
        "participants": {},
        "created_at": 1753206368,
        "is_active": true
      },
      {
        "pool_id": "locked_90d",
        "name": "90-Day Lock",
        "description": "Lock tokens for 90 days for premium rewards",
        "apy": 0.12,
        "total_staked": 2999999999999999949668352,
        "min_stake": 1000000000000000000000,
        "lock_period": 7776000,
        "participants": {
          "0xTEAM": 2999999999999999949668352
        },
        "created_at": 1753206368,
        "is_active": true
      },
      {
        "pool_id": "locked_365d",
        "name": "1-Year Lock",
        "description": "Maximum rewards for 1-year commitment",
        "apy": 0.15,
        "total_staked": 5000000000000000452984832,
        "min_stake": 5000000000000000000000,
        "lock_period": 31536000,
        "participants": {
          "0xTREASURY": 5000000000000000452984832
        },
        "created_at": 1753206368,
        "is_active": true
      }
    ]
  },
  "export_timestamp": 1753206368.8172715
}