{
    "system_state": {
        "initialized": true,
        "trading_active": false,
        "streaming_active": false,
        "governance_active": false,
        "web3_active": false
    },
    "trading_bot_status": {
        "is_running": false,
        "last_update": 1753340604.6644576,
        "balance": 1000.0,
        "active_positions": 0,
        "daily_pnl": 0,
        "total_trades": 0
    },
    "avatar_status": {
        "name": "LotusXRP-chan",
        "current_expression": "neutral",
        "current_pose": "standing",
        "animation_status": {
            "is_animating": false,
            "current_animation": null,
            "queue_length": 0,
            "animation_speed": 1.0,
            "motion_capture_enabled": false
        },
        "last_updated": 1753340604.664489
    },
    "streaming_status": {
        "is_streaming": false,
        "connected_clients": 0,
        "chat_messages": 0,
        "uptime": 0
    },
    "governance_stats": {
        "total_proposals": 1,
        "active_proposals": 0,
        "total_voters": 6,
        "total_voting_power": 104000000000000006308233216,
        "governance_settings": {
            "voting_delay": 86400,
            "voting_period": 604800,
            "execution_delay": 172800,
            "proposal_threshold": 1000,
            "quorum_percentage": 10,
            "majority_threshold": 51,
            "max_proposals_per_user": 3,
            "proposal_fee": 100
        }
    },
    "token_stats": {
        "token_name": "LotusXRP",
        "token_symbol": "LOTUS",
        "total_supply": 100000000000000005838471168,
        "max_supply": 1000000000000000000000000000,
        "circulating_supply": 92000000000000005435817984,
        "total_staked": 8000000000000000402653184,
        "total_holders": 6,
        "total_transactions": 8,
        "staking_pools": 4
    },
    "web3_wallet_status": {
        "connected": false,
        "address": null,
        "network": "flare",
        "balance": 0.0,
        "transaction_count": 0,
        "available_networks": [
            "flare",
            "songbird",
            "coston"
        ]
    },
    "flare_network_stats": {
        "success": true,
        "network": "flare",
        "stats": {
            "total_supply": 100000000000,
            "circulating_supply": 15000000000,
            "total_delegated": 8000000000,
            "active_providers": 100,
            "current_epoch": 1250,
            "next_epoch_time": 1753344204,
            "reward_rate": 0.025,
            "average_block_time": 1.8
        }
    }
}